{
    "unicast" : "10.0.3.125",
    "netmask" : "255.255.255.0",
    "logging" : 
    {
        "level" : "debug",
        "console" : "true",
        "file" : { "enable" : "true", "path" : "/var/log/E03MethodsClient.log" },
        "dlt" : "true"
    },
    "applications" :
    [
        {
            "name" : "client-sample",
            "id" : "0x1343"
        }
    ],
    "routing" : "client-sample",
    "service-discovery" :
    {
        "enable" : "true",
        "multicast" : "224.244.224.245",
        "port" : "30490",
        "protocol" : "udp"
    }
}
