{
    "unicast" : "10.0.3.1",
    "logging" :
    { 
        "level" : "debug",
        "console" : "true",
        "file" : { "enable" : "false", "path" : "/var/log/E03MethodsService.log" },
        "dlt" : "false"
    },
    "applications" :
    [
        {
            "name" : "service-sample",
            "id" : "0x1277"
        }
    ],
    "services" :
    [
        {
            "service" : "0x1234",
            "instance" : "0x5678",
            "unreliable" : "30509"
        }
    ],
    "routing" : "service-sample",
    "service-discovery" :
    {
        "enable" : "true",
        "multicast" : "224.244.224.245",
        "port" : "30490",
        "protocol" : "udp"
    }
}
